k,position,kmer,coefficient
6,5,TCCATT,0.15355746448040009
6,5,TTGATT,0.14671219885349274
6,5,TTCCGC,0.1416420042514801
6,5,TCCGTT,0.12203404307365417
6,5,TCCGGT,0.11355619132518768
6,5,TCCAAT,0.09938818216323853
6,5,TTTGAC,0.0904625952243805
6,5,TCGATT,0.09038464725017548
5,6,TCCGC,0.07294527441263199
6,5,TTGATC,0.06838947534561157
6,5,TTGACC,0.06598368287086487
6,5,TTCGAC,0.061834510415792465
6,5,CCTATT,0.059300608932971954
6,5,TCCAGT,0.05802791193127632
6,4,GTTCCA,0.056408174335956573
5,5,TTCCA,0.056258153170347214
6,5,TCGATC,0.054632727056741714
6,4,TTCCAT,0.054488420486450195
5,5,TCCAT,0.05258035287261009
6,5,TTCCAT,0.04929576441645622
5,6,TCCAC,0.0480862557888031
6,4,TCCTAT,0.04758305475115776
6,4,TTTGAT,0.04757007583975792
6,4,TTCGAT,0.04728269204497337
5,6,TGATT,0.047179412096738815
5,5,TTGAT,0.044272202998399734
5,6,TTGAC,0.04316111281514168
6,5,TCCTAC,0.04053308814764023
4,6,TCCA,0.039317186921834946
6,4,CTTTCC,0.03889356553554535
6,4,TGTCCA,0.03785918653011322
5,6,CCATT,0.03593805804848671
6,4,GCTTTT,0.03318767622113228
6,3,ATTTGA,0.033094681799411774
6,5,TTGACT,0.032808419317007065
6,5,TCCATC,0.032233547419309616
5,5,TCGAT,0.03218908980488777
6,3,CTTTCC,0.031037740409374237
6,4,TTTCCA,0.03099817968904972
6,5,TCCGTC,0.0307774618268013
6,5,TTTAAC,0.03058425895869732
1,5,T,0.030390707775950432
6,4,TCCGAT,0.029878301545977592
6,5,TTGAGT,0.02978038601577282
6,5,TTCCGT,-0.029911551624536514
6,5,GCCGGT,-0.030743613839149475
6,5,TCCAGA,-0.03114195726811886
6,3,CTTTGA,-0.03186819329857826
6,5,CCTATA,-0.03188645467162132
6,5,CTTGAC,-0.0319206640124321
6,5,TCCAGG,-0.0320202074944973
6,5,CCCATT,-0.03215005621314049
6,5,ACCGGT,-0.03267742693424225
6,4,GTTTCC,-0.03392073139548302
6,5,GCCGTT,-0.03392789512872696
6,5,CTCCGC,-0.034804053604602814
6,5,ACCGTT,-0.034848880022764206
6,5,TTGACA,-0.03812386095523834
6,5,TCCAAG,-0.03848881646990776
6,5,TCCAAA,-0.03870771452784538
6,5,GCGATT,-0.039619944989681244
6,5,CTGATT,-0.04044916853308678
6,4,CTTCCA,-0.04225725680589676
6,5,GCCATT,-0.04240243509411812
6,5,ACCATT,-0.04306239262223244
6,5,TTGACG,-0.04394246265292168
6,5,TTCCGA,-0.0454665869474411
6,5,TCCGGG,-0.04625139757990837
6,5,TCCGGA,-0.046943582594394684
6,5,ACGATT,-0.04695716127753258
6,5,ATGATT,-0.04809064418077469
6,5,TTCCGG,-0.04903065040707588
6,5,TCGATG,-0.0556856244802475
6,5,TCGATA,-0.057168081402778625
6,5,TCCATA,-0.058754827827215195
6,5,TCCGTA,-0.0627041608095169
6,5,TCCGTG,-0.06617163121700287
6,5,TCCATG,-0.07445745170116425
6,5,TTGATA,-0.08439909666776657
6,5,TTGATG,-0.08652611821889877
