position,base,k1_coefficient,all_width_importance
1,A,-0.006127505097538233,-0.007005303466712576
1,C,-0.006601015571504831,-0.006074339736954926
1,G,-0.017424797639250755,0.090591526412652
1,T,0.002586757531389594,-0.1392970695578697
2,A,-0.021484721451997757,-0.012231794301612808
2,C,-0.02271396480500698,-0.015951952470032893
2,G,-0.03423503041267395,0.19043912917745587
2,T,0.004004840739071369,-0.31268361040771
3,A,0.027930526062846184,0.022327254667963814
3,C,0.011453455314040184,0.2810070129069402
3,G,0.020758124068379402,0.1134765681463108
3,T,0.05593392997980118,-0.4077184643528966
4,A,0.006940031424164772,0.3821871948415705
4,C,0.03190639987587929,-0.08971916081374331
4,G,-3.160835331073031e-05,0.5946661172036869
4,T,0.06990304589271545,-0.8856683800667895
5,A,-0.019629979506134987,0.1495732609929732
5,C,0.00881876703351736,-0.37611616272862136
5,G,-0.00611785426735878,-0.07026336249273157
5,T,-0.023308973759412766,0.17865567045997466
6,A,0.017838135361671448,-0.11606030211462581
6,C,0.043632786720991135,-0.46139902859910364
6,G,0.015445500612258911,-0.043377568019558055
6,T,-0.021536901593208313,0.616215271797941
7,A,0.013666429556906223,0.7561432037399953
7,C,0.07995935529470444,-0.5877006163299328
7,G,0.019495971500873566,0.6210859280757646
7,T,0.07943131029605865,-0.6873343781057173
8,A,0.051232900470495224,-0.6694630830881039
8,C,0.048153266310691833,-0.1925914595751692
8,G,0.006101871374994516,0.4956409152375443
8,T,0.0045926533639431,0.325801815769438
9,A,0.030214838683605194,-0.2807131749958316
9,C,0.03631032258272171,-0.41663564998162883
9,G,-0.02912217192351818,0.53175671544534
9,T,-0.016088804230093956,0.05874942897474966
10,A,0.04365597292780876,0.4903481311854847
10,C,0.07145287841558456,0.18988021916709386
10,G,0.06592273712158203,0.15651749370999113
10,T,0.11159337311983109,-0.60897400483924
